id,Hospital,Time,Street,City,Zipcode
1,Adventist Healthcare Shady Grove Medical Center,16,9901 Medical Center Drive,Rockville,20850
2,Adventist Healthcare Washingtone Adventist Hospital,15,7600 Carroll Avenue,Takoma Park,20912
3,Anne Arundel Medical Center,52,2001 Medical Parkway,Annapolis,21401
4,Atlantic General Hospital,21,9733 Healthway Drive,Berlin,21811
5,Bon Secours Hospital,20,2000 W Baltimore Street,Baltimore,21223
6,Calvert Memorial Hospital,22,100 Hospital Road,Prince Frederick,20678
7,Caroll Hospital Center,28,200 Memorial Avenue,Westminster,21157
8,Doctors' Community Hospital,52,8118 Good Luck Road,Lanham,20706
9,Edward Mccready Memorial Hospital,10,201 Hall Highway,Crisfield,21817
10,Fort Washington Hospital,43,11711 Livingston Road,Fort Washington,20744